Land,Jahr,Platzierung,Punkte,Genre,Startposition,Sprache,Heimvorteil
Netherlands,1956,2,,Pop,1,Dutch,0
Switzerland,1956,2,,Schlager,2,Mixed,1
Belgium,1956,2,,Rock,3,Mixed,0
Germany,1956,2,,Schlager,4,German,0
France,1956,2,,Schlager,5,French,0
Italy,1956,2,,Pop,7,Italian,0
Netherlands,1956,2,,Schlager,8,Dutch,0
Belgium,1956,2,,Schlager,10,Mixed,0
Germany,1956,2,,Pop,11,German,0
France,1956,2,,Schlager,12,French,0
Luxembourg,1956,2,,Schlager,13,French,0
Italy,1956,2,,Rock,14,Italian,0
Belgium,1957,8,5.0,Pop,1,Mixed,0
Luxembourg,1957,4,8.0,Schlager,2,French,0
United Kingdom,1957,7,6.0,Ballad,3,English,0
Italy,1957,6,7.0,Schlager,4,Italian,0
Austria,1957,10,3.0,Schlager,5,German,0
Netherlands,1957,1,31.0,Schlager,6,Dutch,0
Germany,1957,4,8.0,Schlager,7,German,1
France,1957,2,17.0,Schlager,8,French,0
Denmark,1957,3,10.0,Schlager,9,Danish,0
Switzerland,1957,8,5.0,Schlager,10,Mixed,0
Italy,1958,3,13.0,Pop,1,Italian,0
Netherlands,1958,9,1.0,Schlager,2,Dutch,1
France,1958,1,27.0,Schlager,3,French,0
Luxembourg,1958,9,1.0,Schlager,4,French,0
Sweden,1958,4,10.0,Pop,5,Swedish,0
Denmark,1958,8,3.0,Ballad,6,Danish,0
Belgium,1958,5,8.0,Schlager,7,Mixed,0
Germany,1958,7,5.0,Schlager,8,German,0
Austria,1958,5,8.0,Schlager,9,German,0
Switzerland,1958,2,24.0,Pop,10,Mixed,0
France,1959,3,15.0,Schlager,1,French,1
Denmark,1959,5,12.0,Schlager,2,Danish,0
Italy,1959,6,9.0,Schlager,3,Italian,0
Monaco,1959,11,1.0,Schlager,4,French,0
Netherlands,1959,1,21.0,Pop,5,Dutch,0
Germany,1959,8,5.0,Rock,6,German,0
Sweden,1959,9,4.0,Schlager,7,Swedish,0
Switzerland,1959,4,14.0,Schlager,8,Mixed,0
Austria,1959,9,4.0,Schlager,9,German,0
United Kingdom,1959,2,16.0,Ballad,10,English,0
Belgium,1959,6,9.0,Schlager,11,Mixed,0
United Kingdom,1960,2,25.0,Ballad,1,English,1
Sweden,1960,10,4.0,Schlager,2,Swedish,0
Luxembourg,1960,13,1.0,Schlager,3,French,0
Denmark,1960,10,4.0,Schlager,4,Danish,0
Belgium,1960,6,9.0,Schlager,5,Mixed,0
Norway,1960,4,11.0,Rock,6,Norwegian,0
Austria,1960,7,6.0,Schlager,7,German,0
Monaco,1960,3,15.0,Schlager,8,French,0
Switzerland,1960,8,5.0,Schlager,9,Mixed,0
Netherlands,1960,12,2.0,Pop,10,Dutch,0
Germany,1960,4,11.0,Schlager,11,German,0
Italy,1960,8,5.0,Schlager,12,Italian,0
France,1960,1,32.0,Schlager,13,French,0
Spain,1961,9,8.0,Schlager,1,Spanish,0
Monaco,1961,10,6.0,Schlager,2,French,0
Austria,1961,15,1.0,Schlager,3,German,0
Finland,1961,10,6.0,Schlager,4,Finnish,0
Yugoslavia,1961,8,9.0,Schlager,5,Serbo-Croatian,0
Netherlands,1961,10,6.0,Schlager,6,Dutch,0
Sweden,1961,14,2.0,Pop,7,Swedish,0
Germany,1961,13,3.0,Schlager,8,German,0
France,1961,4,13.0,Pop,9,French,1
Switzerland,1961,3,16.0,Pop,10,Mixed,0
Belgium,1961,15,1.0,Schlager,11,Mixed,0
Norway,1961,7,10.0,Rock,12,Norwegian,0
Denmark,1961,5,12.0,Pop,13,Danish,0
Luxembourg,1961,1,31.0,Schlager,14,French,0
United Kingdom,1961,2,24.0,Rock,15,English,0
Italy,1961,5,12.0,Schlager,16,Italian,0
Finland,1962,7,4.0,Pop,1,Finnish,0
Belgium,1962,13,0.0,Schlager,2,Mixed,0
Spain,1962,13,0.0,Rock,3,Spanish,0
Austria,1962,13,0.0,Schlager,4,German,0
Denmark,1962,10,2.0,Pop,5,Danish,0
Sweden,1962,7,4.0,Rock,6,Swedish,0
Germany,1962,6,9.0,Schlager,7,German,0
Netherlands,1962,13,0.0,Pop,8,Dutch,0
France,1962,1,26.0,Schlager,9,French,0
Norway,1962,10,2.0,Schlager,10,Norwegian,0
Switzerland,1962,10,2.0,Schlager,11,Mixed,0
Yugoslavia,1962,4,10.0,Pop,12,Serbo-Croatian,0
United Kingdom,1962,4,10.0,Ballad,13,English,0
Luxembourg,1962,3,11.0,Schlager,14,French,1
Italy,1962,9,3.0,Schlager,15,Italian,0
Monaco,1962,2,13.0,Schlager,16,French,0
United Kingdom,1963,4,28.0,Ballad,1,English,1
Netherlands,1963,13,0.0,Ballad,2,Dutch,0
Germany,1963,9,5.0,Pop,3,German,0
Austria,1963,7,16.0,Ballad,4,German,0
Norway,1963,13,0.0,Schlager,5,Norwegian,0
Italy,1963,3,37.0,Folk/Ethnic,6,Italian,0
Finland,1963,13,0.0,Pop,7,Finnish,0
Denmark,1963,1,42.0,Schlager,8,Danish,0
Yugoslavia,1963,11,3.0,Pop,9,Serbo-Croatian,0
Switzerland,1963,2,40.0,Schlager,10,Mixed,0
France,1963,5,25.0,Schlager,11,French,0
Spain,1963,12,2.0,Schlager,12,Spanish,0
Sweden,1963,13,0.0,Schlager,13,Swedish,0
Belgium,1963,10,4.0,Schlager,14,Mixed,0
Monaco,1963,5,25.0,Rock,15,French,0
Luxembourg,1963,8,13.0,Schlager,16,French,0
Luxembourg,1964,4,14.0,Schlager,1,French,0
Netherlands,1964,10,2.0,Schlager,2,Dutch,0
Norway,1964,8,6.0,Schlager,3,Norwegian,0
Denmark,1964,9,4.0,Schlager,4,Danish,1
Finland,1964,7,9.0,Schlager,5,Finnish,0
Austria,1964,6,11.0,Schlager,6,German,0
France,1964,4,14.0,Pop,7,French,0
United Kingdom,1964,2,17.0,Ballad,8,English,0
Germany,1964,13,0.0,Schlager,9,German,0
Monaco,1964,3,15.0,Schlager,10,French,0
Portugal,1964,13,0.0,Schlager,11,Portuguese,0
Italy,1964,1,49.0,Schlager,12,Italian,0
Yugoslavia,1964,13,0.0,Schlager,13,Serbo-Croatian,0
Switzerland,1964,13,0.0,Schlager,14,Mixed,0
Belgium,1964,10,2.0,Schlager,15,Mixed,0
Spain,1964,12,1.0,Pop,16,Spanish,0
Netherlands,1965,11,5.0,Schlager,1,Dutch,0
United Kingdom,1965,2,26.0,Ballad,2,English,0
Spain,1965,15,0.0,Schlager,3,Spanish,0
Ireland,1965,6,11.0,Ballad,4,English,0
Germany,1965,15,0.0,Schlager,5,German,0
Austria,1965,4,16.0,Schlager,6,German,0
Norway,1965,13,1.0,Schlager,7,Norwegian,0
Belgium,1965,15,0.0,Schlager,8,Mixed,0
Monaco,1965,9,7.0,Schlager,9,French,0
Sweden,1965,10,6.0,Ballad,10,Swedish,0
France,1965,3,22.0,Schlager,11,French,0
Portugal,1965,13,1.0,Rock,12,Portuguese,0
Italy,1965,5,15.0,Schlager,13,Italian,1
Denmark,1965,7,10.0,Schlager,14,Danish,0
Luxembourg,1965,1,32.0,Schlager,15,French,0
Finland,1965,15,0.0,Pop,16,Finnish,0
Yugoslavia,1965,12,2.0,Pop,17,Serbo-Croatian,0
Switzerland,1965,8,8.0,Schlager,18,Mixed,0
Germany,1966,10,7.0,Schlager,1,German,0
Denmark,1966,14,4.0,Schlager,2,Danish,0
Belgium,1966,4,14.0,Schlager,3,Mixed,0
Luxembourg,1966,10,7.0,Schlager,4,French,1
Yugoslavia,1966,7,9.0,Schlager,5,Serbo-Croatian,0
Norway,1966,3,15.0,Schlager,6,Norwegian,0
Finland,1966,10,7.0,Pop,7,Finnish,0
Portugal,1966,13,6.0,Pop,8,Portuguese,0
Austria,1966,1,31.0,Rock,9,German,0
Sweden,1966,2,16.0,Schlager,10,Swedish,0
Spain,1966,7,9.0,Pop,11,Spanish,0
Switzerland,1966,6,12.0,Schlager,12,Mixed,0
Monaco,1966,17,0.0,Schlager,13,French,0
Italy,1966,17,0.0,Schlager,14,Italian,0
France,1966,16,1.0,Schlager,15,French,0
Netherlands,1966,15,2.0,Pop,16,Dutch,0
Ireland,1966,4,14.0,Rock,17,English,0
United Kingdom,1966,9,8.0,Ballad,18,English,0
Netherlands,1967,14,2.0,Rock,1,Dutch,0
Luxembourg,1967,4,17.0,Schlager,2,French,0
Austria,1967,14,2.0,Schlager,3,German,1
France,1967,3,20.0,Schlager,4,French,0
Portugal,1967,12,3.0,Schlager,5,Portuguese,0
Switzerland,1967,17,0.0,Schlager,6,Mixed,0
Sweden,1967,8,7.0,Schlager,7,Swedish,0
Finland,1967,12,3.0,Schlager,8,Finnish,0
Germany,1967,8,7.0,Rock,9,German,0
Belgium,1967,7,8.0,Pop,10,Mixed,0
United Kingdom,1967,1,47.0,Ballad,11,English,0
Spain,1967,6,9.0,Pop,12,Spanish,0
Norway,1967,14,2.0,Schlager,13,Norwegian,0
Monaco,1967,5,10.0,Schlager,14,French,0
Yugoslavia,1967,8,7.0,Pop,15,Serbo-Croatian,0
Italy,1967,11,4.0,Schlager,16,Italian,0
Ireland,1967,2,22.0,Rock,17,English,0
Portugal,1968,11,5.0,Schlager,1,Portuguese,0
Netherlands,1968,16,1.0,Schlager,2,Dutch,0
Belgium,1968,7,8.0,Pop,3,Mixed,0
Austria,1968,13,2.0,Schlager,4,German,0
Luxembourg,1968,11,5.0,Schlager,5,French,0
Switzerland,1968,13,2.0,Schlager,6,Mixed,0
Monaco,1968,7,8.0,Pop,7,French,0
Sweden,1968,5,15.0,Pop,8,Swedish,0
Finland,1968,16,1.0,Schlager,9,Finnish,0
France,1968,3,20.0,Schlager,10,French,0
Italy,1968,10,7.0,Schlager,11,Italian,0
United Kingdom,1968,2,28.0,Rock,12,English,1
Norway,1968,13,2.0,Schlager,13,Norwegian,0
Ireland,1968,4,18.0,Ballad,14,English,0
Spain,1968,1,29.0,Pop,15,Spanish,0
Germany,1968,6,11.0,Pop,16,German,0
Yugoslavia,1968,7,8.0,Schlager,17,Serbo-Croatian,0
Yugoslavia,1969,13,5.0,Pop,1,Serbo-Croatian,0
Luxembourg,1969,11,7.0,Schlager,2,French,0
Spain,1969,1,18.0,Schlager,3,Spanish,1
Monaco,1969,6,11.0,Schlager,4,French,0
Ireland,1969,7,10.0,Ballad,5,English,0
Italy,1969,13,5.0,Schlager,6,Italian,0
United Kingdom,1969,1,18.0,Pop,7,English,0
Netherlands,1969,1,18.0,Pop,8,Dutch,0
Sweden,1969,9,8.0,Schlager,9,Swedish,0
Belgium,1969,7,10.0,Schlager,10,Mixed,0
Switzerland,1969,5,13.0,Schlager,11,Mixed,0
Norway,1969,16,1.0,Pop,12,Norwegian,0
Germany,1969,9,8.0,Pop,13,German,0
France,1969,1,18.0,Schlager,14,French,0
Portugal,1969,15,4.0,Pop,15,Portuguese,0
Finland,1969,12,6.0,Schlager,16,Finnish,0
Netherlands,1970,7,7.0,Ballad,1,Dutch,1
Switzerland,1970,4,8.0,Pop,2,Mixed,0
Italy,1970,8,5.0,Pop,3,Italian,0
Yugoslavia,1970,11,4.0,Pop,4,Serbo-Croatian,0
Belgium,1970,8,5.0,Pop,5,Mixed,0
France,1970,4,8.0,Pop,6,French,0
United Kingdom,1970,2,26.0,Pop,7,English,0
Luxembourg,1970,12,0.0,Pop,8,French,0
Spain,1970,4,8.0,Pop,9,Spanish,0
Monaco,1970,8,5.0,Ballad,10,French,0
Germany,1970,3,12.0,Pop,11,German,0
Ireland,1970,1,32.0,Pop,12,English,0
Austria,1971,16,66.0,Pop,1,German,0
Malta,1971,18,52.0,Pop,2,English,0
Monaco,1971,1,128.0,Pop,3,French,0
Switzerland,1971,12,78.0,Pop,4,Mixed,0
Germany,1971,3,100.0,Pop,5,German,0
Spain,1971,2,116.0,Pop,6,Spanish,0
France,1971,10,82.0,Pop,7,French,0
Luxembourg,1971,13,70.0,Pop,8,French,0
United Kingdom,1971,4,98.0,Pop,9,English,0
Belgium,1971,14,68.0,Pop,10,Mixed,0
Italy,1971,5,91.0,Pop,11,Italian,0
Sweden,1971,6,85.0,Pop,12,Swedish,0
Ireland,1971,11,79.0,Ballad,13,English,1
Netherlands,1971,6,85.0,Rock,14,Dutch,0
Portugal,1971,9,83.0,Pop,15,Portuguese,0
Yugoslavia,1971,14,68.0,Pop,16,Serbo-Croatian,0
Finland,1971,8,84.0,Pop,17,Finnish,0
Norway,1971,17,65.0,Pop,18,Norwegian,0
Germany,1972,3,107.0,Pop,1,German,0
France,1972,11,81.0,Pop,2,French,0
Ireland,1972,15,72.0,Pop,3,English,0
Spain,1972,10,83.0,Rock,4,Spanish,0
United Kingdom,1972,2,114.0,Ballad,5,English,1
Norway,1972,14,73.0,Pop,6,Norwegian,0
Portugal,1972,7,90.0,Folk/Ethnic,7,Portuguese,0
Switzerland,1972,8,88.0,Pop,8,Mixed,0
Malta,1972,18,48.0,Ballad,9,English,0
Finland,1972,12,78.0,Pop,10,Finnish,0
Austria,1972,5,100.0,Pop,11,German,0
Italy,1972,6,92.0,Pop,12,Italian,0
Yugoslavia,1972,9,87.0,Pop,13,Serbo-Croatian,0
Sweden,1972,13,75.0,Pop,14,Swedish,0
Monaco,1972,16,65.0,Pop,15,French,0
Belgium,1972,17,55.0,Pop,16,Mixed,0
Luxembourg,1972,1,128.0,Pop,17,French,0
Netherlands,1972,4,106.0,Pop,18,Dutch,0
Finland,1973,6,93.0,Pop,1,Finnish,0
Belgium,1973,17,58.0,Pop,2,Mixed,0
Portugal,1973,10,80.0,Rock,3,Portuguese,0
Germany,1973,8,85.0,Pop,4,German,0
Norway,1973,7,89.0,Ballad,5,Norwegian,0
Monaco,1973,8,85.0,Pop,6,French,0
Spain,1973,2,125.0,Rock,7,Spanish,0
Switzerland,1973,12,79.0,Pop,8,Mixed,0
Yugoslavia,1973,15,65.0,Pop,9,Serbo-Croatian,0
Italy,1973,13,74.0,Pop,10,Italian,0
Luxembourg,1973,1,129.0,Pop,11,French,1
Sweden,1973,5,94.0,Ballad,12,Swedish,0
Netherlands,1973,14,69.0,Pop,13,Dutch,0
Ireland,1973,10,80.0,Pop,14,English,0
United Kingdom,1973,3,123.0,Rock,15,English,0
France,1973,15,65.0,Pop,16,French,0
Israel,1973,4,97.0,Pop,17,Hebrew,0
Finland,1974,13,4.0,Ballad,1,Finnish,0
United Kingdom,1974,4,14.0,Rock,2,English,1
Spain,1974,9,10.0,Pop,3,Spanish,0
Norway,1974,14,3.0,Ballad,4,Norwegian,0
Greece,1974,11,7.0,Pop,5,Greek,0
Israel,1974,7,11.0,Pop,6,Hebrew,0
Yugoslavia,1974,12,6.0,Pop,7,Serbo-Croatian,0
Sweden,1974,1,24.0,Pop,8,Swedish,0
Luxembourg,1974,4,14.0,Ballad,9,French,0
Monaco,1974,4,14.0,Pop,10,French,0
Belgium,1974,9,10.0,Pop,11,Mixed,0
Netherlands,1974,3,15.0,Rock,12,Dutch,0
Ireland,1974,7,11.0,Pop,13,English,0
Germany,1974,14,3.0,Pop,14,German,0
Switzerland,1974,14,3.0,Rock,15,Mixed,0
Portugal,1974,14,3.0,Rock,16,Portuguese,0
Italy,1974,2,18.0,Pop,17,Italian,0
Netherlands,1975,1,152.0,Ballad,1,Dutch,0
Ireland,1975,9,68.0,Rock,2,English,0
France,1975,4,91.0,Pop,3,French,0
Germany,1975,17,15.0,Ballad,4,German,0
Luxembourg,1975,5,84.0,Pop,5,French,0
Norway,1975,18,11.0,Ballad,6,Norwegian,0
Switzerland,1975,6,77.0,Pop,7,Mixed,0
Yugoslavia,1975,13,22.0,Pop,8,Serbo-Croatian,0
United Kingdom,1975,2,138.0,Pop,9,English,0
Malta,1975,12,32.0,Dance-Pop,10,English,0
Belgium,1975,15,17.0,Ballad,11,Mixed,0
Israel,1975,11,40.0,Pop,12,Hebrew,0
Turkey,1975,19,3.0,Dance-Pop,13,Turkish,0
Monaco,1975,13,22.0,Pop,14,French,0
Finland,1975,7,74.0,Dance-Pop,15,Finnish,0
Portugal,1975,16,16.0,Pop,16,Portuguese,0
Spain,1975,10,53.0,Rock,17,Spanish,0
Sweden,1975,8,72.0,Rap/Hip-Hop,18,Swedish,1
Italy,1975,3,115.0,Pop,19,Italian,0
United Kingdom,1976,1,164.0,Ballad,1,English,0
Switzerland,1976,4,91.0,Dance-Pop,2,Mixed,0
Germany,1976,15,12.0,Pop,3,German,0
Israel,1976,6,77.0,Pop,4,Hebrew,0
Luxembourg,1976,14,17.0,Rap/Hip-Hop,5,French,0
Belgium,1976,8,68.0,Rap/Hip-Hop,6,Mixed,0
Ireland,1976,10,54.0,Ballad,7,English,0
Netherlands,1976,9,56.0,Dance-Pop,8,Dutch,1
Norway,1976,18,7.0,Dance-Pop,9,Norwegian,0
Greece,1976,13,20.0,Pop,10,Greek,0
Finland,1976,11,44.0,Dance-Pop,11,Finnish,0
Spain,1976,16,11.0,Pop,12,Spanish,0
Italy,1976,7,69.0,Pop,13,Italian,0
Austria,1976,5,80.0,Ballad,14,German,0
Portugal,1976,12,24.0,Rock,15,Portuguese,0
Monaco,1976,3,93.0,Pop,16,French,0
France,1976,2,147.0,Dance-Pop,17,French,0
Yugoslavia,1976,17,10.0,Pop,18,Serbo-Croatian,0
Ireland,1977,3,119.0,Ballad,1,English,0
Monaco,1977,4,96.0,Pop,2,French,0
Netherlands,1977,12,35.0,Dance-Pop,3,Dutch,0
Austria,1977,17,11.0,Rock,4,German,0
Norway,1977,14,18.0,Pop,5,Norwegian,0
Germany,1977,8,55.0,Ballad,6,German,0
Luxembourg,1977,16,17.0,Pop,7,French,0
Portugal,1977,14,18.0,Folk/Ethnic,8,Portuguese,0
United Kingdom,1977,2,121.0,Rock,9,English,1
Greece,1977,5,92.0,Pop,10,Greek,0
Israel,1977,11,49.0,Pop,11,Hebrew,0
Switzerland,1977,6,71.0,Rock,12,Mixed,0
Sweden,1977,18,2.0,Rock,13,Swedish,0
Spain,1977,9,52.0,Dance-Pop,14,Spanish,0
Italy,1977,13,33.0,Pop,15,Italian,0
Finland,1977,10,50.0,Folk/Ethnic,16,Finnish,0
Belgium,1977,7,69.0,Dance-Pop,17,Mixed,0
France,1977,1,136.0,Rock,18,French,0
Ireland,1978,5,86.0,Ballad,1,English,0
Norway,1978,20,0.0,Pop,2,Norwegian,0
Italy,1978,12,53.0,Pop,3,Italian,0
Finland,1978,18,2.0,Pop,4,Finnish,0
Portugal,1978,17,5.0,Pop,5,Portuguese,0
France,1978,3,119.0,Pop,6,French,1
Spain,1978,9,65.0,Pop,7,Spanish,0
United Kingdom,1978,11,61.0,Ballad,8,English,0
Switzerland,1978,9,65.0,Pop,9,Mixed,0
Belgium,1978,2,125.0,Pop,10,Mixed,0
Netherlands,1978,13,37.0,Rock,11,Dutch,0
Turkey,1978,18,2.0,Pop,12,Turkish,0
Germany,1978,6,84.0,Pop,13,German,0
Monaco,1978,4,107.0,Pop,14,French,0
Greece,1978,8,66.0,Pop,15,Greek,0
Denmark,1978,16,13.0,Dance-Pop,16,Danish,0
Luxembourg,1978,7,73.0,Dance-Pop,17,French,0
Israel,1978,1,157.0,Pop,18,Hebrew,0
Austria,1978,15,14.0,Pop,19,German,0
Sweden,1978,14,26.0,Rock,20,Swedish,0
Portugal,1979,9,64.0,Dance-Pop,1,Portuguese,0
Italy,1979,15,27.0,Pop,2,Italian,0
Denmark,1979,6,76.0,Rock,3,Danish,0
Ireland,1979,5,80.0,Ballad,4,English,0
Finland,1979,14,38.0,Pop,5,Finnish,0
Monaco,1979,16,12.0,Rock,6,French,0
Greece,1979,8,69.0,Pop,7,Greek,0
Switzerland,1979,10,60.0,Rock,8,Mixed,0
Germany,1979,4,86.0,Pop,9,German,0
Israel,1979,1,125.0,Pop,10,Hebrew,1
France,1979,3,106.0,Dance-Pop,11,French,0
Belgium,1979,18,5.0,Pop,12,Mixed,0
Luxembourg,1979,13,44.0,Pop,13,French,0
Netherlands,1979,12,51.0,Rock,14,Dutch,0
Sweden,1979,17,8.0,Pop,15,Swedish,0
Norway,1979,11,57.0,Rock,16,Norwegian,0
United Kingdom,1979,7,73.0,Dance-Pop,17,English,0
Austria,1979,18,5.0,Pop,18,German,0
Spain,1979,2,116.0,Dance-Pop,19,Spanish,0
Austria,1980,8,64.0,Pop,1,German,0
Turkey,1980,15,23.0,Pop,2,Turkish,0
Greece,1980,13,30.0,Dance-Pop,3,Greek,0
Luxembourg,1980,9,56.0,Pop,4,French,0
Morocco,1980,18,7.0,Dance-Pop,5,Arabic,0
Italy,1980,6,87.0,Pop,6,Italian,0
Denmark,1980,14,25.0,Pop,7,Danish,0
Sweden,1980,10,47.0,Pop,8,Swedish,0
Switzerland,1980,4,104.0,Pop,9,Mixed,0
Finland,1980,19,6.0,Pop,10,Finnish,0
Norway,1980,16,15.0,Rock,11,Norwegian,0
Germany,1980,2,128.0,Pop,12,German,0
United Kingdom,1980,3,106.0,Rock,13,English,0
Portugal,1980,7,71.0,Ballad,14,Portuguese,0
Netherlands,1980,5,93.0,Pop,15,Dutch,1
France,1980,11,45.0,Pop,16,French,0
Ireland,1980,1,143.0,Ballad,17,English,0
Spain,1980,12,38.0,Pop,18,Spanish,0
Belgium,1980,17,14.0,Pop,19,Mixed,0
Austria,1981,17,20.0,Pop,1,German,0
Turkey,1981,18,9.0,Folk/Ethnic,2,Turkish,0
Germany,1981,2,132.0,Pop,3,German,0
Luxembourg,1981,11,41.0,Rock,4,French,0
Israel,1981,7,56.0,Dance-Pop,5,Hebrew,0
Denmark,1981,11,41.0,Rock,6,Danish,0
Yugoslavia,1981,15,35.0,Pop,7,Serbo-Croatian,0
Finland,1981,16,27.0,Pop,8,Finnish,0
France,1981,3,125.0,Pop,9,French,0
Spain,1981,14,38.0,Pop,10,Spanish,0
Netherlands,1981,9,51.0,Dance-Pop,11,Dutch,0
Ireland,1981,5,105.0,Ballad,12,English,1
Norway,1981,20,0.0,Pop,13,Norwegian,0
United Kingdom,1981,1,136.0,Ballad,14,English,0
Portugal,1981,18,9.0,Pop,15,Portuguese,0
Belgium,1981,13,40.0,Rock,16,Mixed,0
Greece,1981,8,55.0,Pop,17,Greek,0
Cyprus,1981,6,69.0,Pop,18,Greek,0
Switzerland,1981,4,121.0,Pop,19,Mixed,0
Sweden,1981,10,50.0,Pop,20,Swedish,0
Portugal,1982,13,32.0,Dance-Pop,1,Portuguese,0
Luxembourg,1982,6,78.0,Rap/Hip-Hop,2,French,0
Norway,1982,12,40.0,Pop,3,Norwegian,0
United Kingdom,1982,7,76.0,Ballad,4,English,1
Turkey,1982,15,20.0,Pop,5,Turkish,0
Finland,1982,18,0.0,Pop,6,Finnish,0
Switzerland,1982,3,97.0,Pop,7,Mixed,0
Cyprus,1982,5,85.0,Pop,8,Greek,0
Sweden,1982,8,67.0,Pop,9,Swedish,0
Austria,1982,9,57.0,Pop,10,German,0
Belgium,1982,4,96.0,Rap/Hip-Hop,11,Mixed,0
Spain,1982,10,52.0,Pop,12,Spanish,0
Denmark,1982,17,5.0,Pop,13,Danish,0
Yugoslavia,1982,14,21.0,Pop,14,Serbo-Croatian,0
Israel,1982,2,100.0,Dance-Pop,15,Hebrew,0
Netherlands,1982,16,8.0,Dance-Pop,16,Dutch,0
Ireland,1982,11,49.0,Dance-Pop,17,English,0
Germany,1982,1,161.0,Pop,18,German,0
France,1983,8,56.0,Pop,1,French,0
Norway,1983,9,53.0,Pop,2,Norwegian,0
United Kingdom,1983,6,79.0,Rock,3,English,0
Sweden,1983,3,126.0,Pop,4,Swedish,0
Italy,1983,11,41.0,Pop,5,Italian,0
Turkey,1983,19,0.0,Dance-Pop,6,Turkish,0
Spain,1983,19,0.0,Pop,7,Spanish,0
Switzerland,1983,15,28.0,Pop,8,Mixed,0
Finland,1983,11,41.0,Pop,9,Finnish,0
Greece,1983,14,32.0,Pop,10,Greek,0
Netherlands,1983,7,66.0,Folk/Ethnic,11,Dutch,0
Yugoslavia,1983,4,125.0,Pop,12,Serbo-Croatian,0
Cyprus,1983,16,26.0,Rap/Hip-Hop,13,Greek,0
Germany,1983,5,94.0,Rock,14,German,1
Denmark,1983,17,16.0,Pop,15,Danish,0
Israel,1983,2,136.0,Pop,16,Hebrew,0
Portugal,1983,13,33.0,Pop,17,Portuguese,0
Austria,1983,9,53.0,Pop,18,German,0
Belgium,1983,18,13.0,Pop,19,Mixed,0
Luxembourg,1983,1,142.0,Pop,20,French,0
Sweden,1984,1,145.0,Dance-Pop,1,Swedish,0
Luxembourg,1984,10,39.0,Pop,2,French,1
France,1984,8,61.0,Pop,3,French,0
Spain,1984,3,106.0,Pop,4,Spanish,0
Norway,1984,17,29.0,Pop,5,Norwegian,0
United Kingdom,1984,7,63.0,Ballad,6,English,0
Cyprus,1984,15,31.0,Pop,7,Greek,0
Belgium,1984,5,70.0,Pop,8,Mixed,0
Ireland,1984,2,137.0,Ballad,9,English,0
Denmark,1984,4,101.0,Pop,10,Danish,0
Netherlands,1984,13,34.0,Pop,11,Dutch,0
Yugoslavia,1984,18,26.0,Pop,12,Serbo-Croatian,0
Austria,1984,19,5.0,Pop,13,German,0
Germany,1984,13,34.0,Pop,14,German,0
Turkey,1984,12,37.0,Pop,15,Turkish,0
Finland,1984,9,46.0,Pop,16,Finnish,0
Switzerland,1984,16,30.0,Pop,17,Mixed,0
Italy,1984,5,70.0,Rock,18,Italian,0
Portugal,1984,11,38.0,Pop,19,Portuguese,0
Ireland,1985,6,91.0,Ballad,1,English,0
Finland,1985,9,58.0,Pop,2,Finnish,0
Cyprus,1985,16,15.0,Pop,3,Greek,0
Denmark,1985,11,41.0,Rock,4,Danish,0
Spain,1985,14,36.0,Pop,5,Spanish,0
France,1985,10,56.0,Pop,6,French,0
Turkey,1985,14,36.0,Pop,7,Turkish,0
Belgium,1985,19,7.0,Pop,8,Mixed,0
Portugal,1985,18,9.0,Pop,9,Portuguese,0
Germany,1985,2,105.0,Pop,10,German,0
Israel,1985,5,93.0,Pop,11,Hebrew,0
Italy,1985,7,78.0,Pop,12,Italian,0
Norway,1985,1,123.0,Rock,13,Norwegian,0
United Kingdom,1985,4,100.0,Rock,14,English,0
Switzerland,1985,12,39.0,Pop,15,Mixed,0
Sweden,1985,3,103.0,Pop,16,Swedish,1
Austria,1985,8,60.0,Ballad,17,German,0
Luxembourg,1985,13,37.0,Rock,18,French,0
Greece,1985,16,15.0,Pop,19,Greek,0
Luxembourg,1986,3,117.0,Pop,1,French,0
Yugoslavia,1986,11,49.0,Pop,2,Serbo-Croatian,0
France,1986,17,13.0,Pop,3,French,0
Norway,1986,12,44.0,Pop,4,Norwegian,1
United Kingdom,1986,7,72.0,Ballad,5,English,0
Iceland,1986,16,19.0,Pop,6,Icelandic,0
Netherlands,1986,13,40.0,Pop,7,Dutch,0
Turkey,1986,9,53.0,Pop,8,Turkish,0
Spain,1986,10,51.0,Pop,9,Spanish,0
Switzerland,1986,2,140.0,Dance-Pop,10,Mixed,0
Israel,1986,19,7.0,Pop,11,Hebrew,0
Ireland,1986,4,96.0,Ballad,12,English,0
Belgium,1986,1,176.0,Pop,13,Mixed,0
Germany,1986,8,62.0,Pop,14,German,0
Cyprus,1986,20,4.0,Pop,15,Greek,0
Austria,1986,18,12.0,Pop,16,German,0
Sweden,1986,5,78.0,Pop,17,Swedish,0
Denmark,1986,6,77.0,Rock,18,Danish,0
Finland,1986,15,22.0,Pop,19,Finnish,0
Portugal,1986,14,28.0,Pop,20,Portuguese,0
Norway,1987,9,65.0,Pop,1,Norwegian,0
Israel,1987,8,73.0,Pop,2,Hebrew,0
Austria,1987,20,8.0,Pop,3,German,0
Iceland,1987,16,28.0,Pop,4,Icelandic,0
Belgium,1987,11,56.0,Rock,5,Mixed,1
Sweden,1987,12,50.0,Rock,6,Swedish,0
Italy,1987,3,103.0,Pop,7,Italian,0
Portugal,1987,18,15.0,Folk/Ethnic,8,Portuguese,0
Spain,1987,19,10.0,Pop,9,Spanish,0
Turkey,1987,22,0.0,Dance-Pop,10,Turkish,0
Greece,1987,10,64.0,Rock,11,Greek,0
Netherlands,1987,5,83.0,Rock,12,Dutch,0
Luxembourg,1987,21,4.0,Pop,13,French,0
United Kingdom,1987,13,47.0,Ballad,14,English,0
France,1987,14,44.0,Pop,15,French,0
Germany,1987,2,141.0,Pop,16,German,0
Cyprus,1987,7,80.0,Pop,17,Greek,0
Finland,1987,15,32.0,Pop,18,Finnish,0
Denmark,1987,5,83.0,Pop,19,Danish,0
Ireland,1987,1,172.0,Ballad,20,English,0
Yugoslavia,1987,4,92.0,Dance-Pop,21,Serbo-Croatian,0
Switzerland,1987,17,26.0,Rap/Hip-Hop,22,Mixed,0
Iceland,1988,16,20.0,Dance-Pop,1,Icelandic,0
Sweden,1988,12,52.0,Pop,2,Swedish,0
Finland,1988,20,3.0,Pop,3,Finnish,0
United Kingdom,1988,2,136.0,Ballad,4,English,0
Turkey,1988,15,37.0,Dance-Pop,5,Turkish,0
Spain,1988,11,58.0,Pop,6,Spanish,0
Netherlands,1988,9,70.0,Pop,7,Dutch,0
Israel,1988,7,85.0,Pop,8,Hebrew,0
Switzerland,1988,1,137.0,Pop,9,Mixed,0
Ireland,1988,8,79.0,Ballad,10,English,1
Germany,1988,14,48.0,Pop,11,German,0
Austria,1988,21,0.0,Pop,12,German,0
Denmark,1988,3,92.0,Pop,13,Danish,0
Greece,1988,17,10.0,Pop,14,Greek,0
Norway,1988,5,88.0,Pop,15,Norwegian,0
Belgium,1988,18,5.0,Pop,16,Mixed,0
Luxembourg,1988,4,90.0,Pop,17,French,0
Italy,1988,12,52.0,Pop,18,Italian,0
France,1988,10,64.0,Pop,19,French,0
Portugal,1988,18,5.0,Pop,20,Portuguese,0
Yugoslavia,1988,6,87.0,Pop,21,Serbo-Croatian,0
Italy,1989,9,56.0,Pop,1,Italian,0
Israel,1989,12,50.0,Pop,2,Hebrew,0
Ireland,1989,18,21.0,Dance-Pop,3,English,0
Netherlands,1989,15,45.0,Pop,4,Dutch,0
Turkey,1989,21,5.0,Pop,5,Turkish,0
Belgium,1989,19,13.0,Rock,6,Mixed,0
United Kingdom,1989,2,130.0,Ballad,7,English,0
Norway,1989,17,30.0,Pop,8,Norwegian,0
Portugal,1989,16,39.0,Rock,9,Portuguese,0
Sweden,1989,4,110.0,Pop,10,Swedish,0
Luxembourg,1989,20,8.0,Pop,11,French,0
Denmark,1989,3,111.0,Pop,12,Danish,0
Austria,1989,5,97.0,Pop,13,German,0
Finland,1989,7,76.0,Pop,14,Finnish,0
France,1989,8,60.0,Pop,15,French,0
Spain,1989,6,88.0,Pop,16,Spanish,0
Cyprus,1989,11,51.0,Pop,17,Greek,0
Switzerland,1989,13,47.0,Rock,18,Mixed,1
Greece,1989,9,56.0,Pop,19,Greek,0
Iceland,1989,22,0.0,Pop,20,Icelandic,0
Germany,1989,14,46.0,Ballad,21,German,0
Yugoslavia,1989,1,137.0,Rock,22,Serbo-Croatian,0
Spain,1990,5,96.0,Rock,1,Spanish,0
Greece,1990,19,11.0,Pop,2,Greek,0
Belgium,1990,12,46.0,Pop,3,Mixed,0
Turkey,1990,17,21.0,Dance-Pop,4,Turkish,0
Netherlands,1990,15,25.0,Rock,5,Dutch,0
Luxembourg,1990,13,38.0,Pop,6,French,0
United Kingdom,1990,6,87.0,Ballad,7,English,0
Iceland,1990,4,124.0,Pop,8,Icelandic,0
Norway,1990,21,8.0,Folk/Ethnic,9,Norwegian,0
Israel,1990,18,16.0,Dance-Pop,10,Hebrew,0
Denmark,1990,8,64.0,Rap/Hip-Hop,11,Danish,0
Switzerland,1990,11,51.0,Pop,12,Mixed,0
Germany,1990,9,60.0,Pop,13,German,0
France,1990,2,132.0,Pop,14,French,0
Yugoslavia,1990,7,81.0,Pop,15,Serbo-Croatian,1
Portugal,1990,20,9.0,Pop,16,Portuguese,0
Ireland,1990,2,132.0,Pop,17,English,0
Sweden,1990,16,24.0,Pop,18,Swedish,0
Italy,1990,1,149.0,Rock,19,Italian,0
Austria,1990,10,58.0,Pop,20,German,0
Cyprus,1990,14,36.0,Pop,21,Greek,0
Finland,1990,21,8.0,Dance-Pop,22,Finnish,0
Yugoslavia,1991,21,1.0,Dance-Pop,1,Serbo-Croatian,0
Iceland,1991,15,26.0,Pop,2,Icelandic,0
Malta,1991,6,106.0,Ballad,3,English,0
Greece,1991,13,36.0,Pop,4,Greek,0
Switzerland,1991,5,118.0,Pop,5,Mixed,0
Austria,1991,22,0.0,Pop,6,German,0
Luxembourg,1991,14,29.0,Pop,7,French,0
Sweden,1991,1,146.0,Rock,8,Swedish,0
France,1991,2,146.0,Pop,9,French,0
Turkey,1991,12,44.0,Pop,10,Turkish,0
Ireland,1991,10,47.0,Ballad,11,English,0
Portugal,1991,8,62.0,Rock,12,Portuguese,0
Denmark,1991,19,8.0,Pop,13,Danish,0
Norway,1991,17,14.0,Pop,14,Norwegian,0
Israel,1991,3,139.0,Pop,15,Hebrew,0
Finland,1991,20,6.0,Pop,16,Finnish,0
Germany,1991,18,10.0,Pop,17,German,0
Belgium,1991,16,23.0,Pop,18,Mixed,0
Spain,1991,4,119.0,Pop,19,Spanish,0
United Kingdom,1991,10,47.0,Ballad,20,English,0
Cyprus,1991,9,60.0,Pop,21,Greek,0
Italy,1991,7,89.0,Pop,22,Italian,1
Spain,1992,14,37.0,Pop,1,Spanish,0
Belgium,1992,20,11.0,Rap/Hip-Hop,2,Mixed,0
Israel,1992,6,85.0,Pop,3,Hebrew,0
Turkey,1992,19,17.0,Pop,4,Turkish,0
Greece,1992,5,94.0,Pop,5,Greek,0
France,1992,8,73.0,Pop,6,French,0
Sweden,1992,22,9.0,Pop,7,Swedish,1
Portugal,1992,17,26.0,Pop,8,Portuguese,0
Cyprus,1992,11,57.0,Pop,9,Greek,0
Malta,1992,3,123.0,Ballad,10,English,0
Iceland,1992,7,80.0,Ballad,11,Icelandic,0
Finland,1992,23,4.0,Pop,12,Finnish,0
Switzerland,1992,15,32.0,Pop,13,Mixed,0
Luxembourg,1992,21,10.0,Pop,14,French,0
Austria,1992,10,63.0,Pop,15,German,0
United Kingdom,1992,2,139.0,Ballad,16,English,0
Ireland,1992,1,155.0,Dance-Pop,17,English,0
Denmark,1992,12,47.0,Pop,18,Danish,0
Italy,1992,4,111.0,Rap/Hip-Hop,19,Italian,0
Yugoslavia,1992,13,44.0,Pop,20,Serbo-Croatian,0
Norway,1992,18,23.0,Folk/Ethnic,21,Norwegian,0
Germany,1992,16,27.0,Pop,22,German,0
Netherlands,1992,9,67.0,Pop,23,Dutch,0
Italy,1993,12,45.0,Pop,1,Italian,0
Turkey,1993,21,10.0,Pop,2,Turkish,0
Germany,1993,18,18.0,Pop,3,German,0
Switzerland,1993,3,148.0,Rock,4,Mixed,0
Denmark,1993,22,9.0,Rock,5,Danish,0
Greece,1993,9,64.0,Pop,6,Greek,0
Belgium,1993,25,3.0,Pop,7,Mixed,0
Malta,1993,8,69.0,Ballad,8,English,0
Iceland,1993,13,42.0,Pop,9,Icelandic,0
Austria,1993,14,32.0,Pop,10,German,0
Portugal,1993,10,60.0,Pop,11,Portuguese,0
France,1993,4,121.0,Pop,12,French,0
Sweden,1993,7,89.0,Pop,13,Swedish,0
Ireland,1993,1,187.0,Ballad,14,English,1
Luxembourg,1993,20,11.0,Pop,15,French,0
Slovenia,1993,22,9.0,Rock,16,Slovene,0
Finland,1993,17,20.0,Pop,17,Finnish,0
Bosnia & Herzegovina,1993,16,27.0,Pop,18,Bosnian,0
United Kingdom,1993,2,164.0,Ballad,19,English,0
Netherlands,1993,6,92.0,Rock,20,Dutch,0
Croatia,1993,15,31.0,Ballad,21,Croatian,0
Spain,1993,11,58.0,Pop,22,Spanish,0
Cyprus,1993,19,17.0,Pop,23,Greek,0
Israel,1993,24,4.0,Ballad,24,Hebrew,0
Norway,1993,5,120.0,Pop,25,Norwegian,0
Sweden,1994,13,48.0,Pop,1,Swedish,0
Finland,1994,22,11.0,Ballad,2,Finnish,0
Ireland,1994,1,226.0,Rock,3,English,1
Cyprus,1994,11,51.0,Pop,4,Greek,0
Iceland,1994,12,49.0,Pop,5,Icelandic,0
United Kingdom,1994,10,63.0,Dance-Pop,6,English,0
Croatia,1994,16,27.0,Pop,7,Croatian,0
Portugal,1994,8,73.0,Pop,8,Portuguese,0
Switzerland,1994,19,15.0,Pop,9,Mixed,0
Estonia,1994,24,2.0,Pop,10,Estonian,0
Romania,1994,21,14.0,Pop,11,Romanian,0
Malta,1994,5,97.0,Ballad,12,English,0
Netherlands,1994,23,4.0,Pop,13,Dutch,0
Germany,1994,3,128.0,Rock,14,German,0
Slovakia,1994,19,15.0,Pop,15,Slovak,0
Lithuania,1994,25,0.0,Pop,16,Lithuanian,0
Norway,1994,6,76.0,Pop,17,Norwegian,0
Bosnia & Herzegovina,1994,15,39.0,Dance-Pop,18,Bosnian,0
Greece,1994,14,44.0,Ballad,19,Greek,0
Austria,1994,17,19.0,Pop,20,German,0
Spain,1994,18,17.0,Pop,21,Spanish,0
Hungary,1994,4,122.0,Dance-Pop,22,Hungarian,0
Russia,1994,9,70.0,Dance-Pop,23,Russian,0
Poland,1994,2,166.0,Pop,24,Polish,0
France,1994,7,74.0,Pop,25,French,0
Poland,1995,18,15.0,Pop,1,Polish,0
Ireland,1995,14,44.0,Dance-Pop,2,English,1
Germany,1995,23,1.0,Pop,3,German,0
Bosnia & Herzegovina,1995,19,14.0,Dance-Pop,4,Bosnian,0
Norway,1995,1,148.0,Pop,5,Norwegian,0
Russia,1995,17,17.0,Dance-Pop,6,Russian,0
Iceland,1995,15,31.0,Dance-Pop,7,Icelandic,0
Austria,1995,13,67.0,Pop,8,German,0
Spain,1995,2,119.0,Pop,9,Spanish,0
Turkey,1995,16,21.0,Pop,10,Turkish,0
Croatia,1995,6,91.0,Pop,11,Croatian,0
France,1995,4,94.0,Pop,12,French,0
Hungary,1995,22,3.0,Pop,13,Hungarian,0
Belgium,1995,20,8.0,Pop,14,Mixed,0
United Kingdom,1995,10,76.0,Rock,15,English,0
Portugal,1995,21,5.0,Rock,16,Portuguese,0
Cyprus,1995,9,79.0,Pop,17,Greek,0
Sweden,1995,3,100.0,Rock,18,Swedish,0
Denmark,1995,5,92.0,Pop,19,Danish,0
Slovenia,1995,7,84.0,Pop,20,Slovene,0
Israel,1995,8,81.0,Pop,21,Hebrew,0
Malta,1995,10,76.0,Rock,22,English,0
Greece,1995,12,68.0,Rap/Hip-Hop,23,Greek,0
Turkey,1996,12,57.0,Pop,1,Turkish,0
United Kingdom,1996,8,77.0,Ballad,2,English,0
Spain,1996,20,17.0,Pop,3,Spanish,0
Portugal,1996,6,92.0,Rap/Hip-Hop,4,Portuguese,0
Cyprus,1996,9,72.0,Pop,5,Greek,0
Malta,1996,10,68.0,Dance-Pop,6,English,0
Croatia,1996,4,98.0,Dance-Pop,7,Croatian,0
Austria,1996,10,68.0,Rock,8,German,0
Switzerland,1996,16,22.0,Pop,9,Mixed,0
Greece,1996,14,36.0,Pop,10,Greek,0
Estonia,1996,5,94.0,Pop,11,Estonian,0
Norway,1996,2,114.0,Pop,12,Norwegian,1
France,1996,19,18.0,Pop,13,French,0
Slovenia,1996,21,16.0,Pop,14,Slovene,0
Netherlands,1996,7,78.0,Pop,15,Dutch,0
Belgium,1996,16,22.0,Rock,16,Mixed,0
Ireland,1996,1,162.0,Dance-Pop,17,English,0
Finland,1996,23,9.0,Pop,18,Finnish,0
Iceland,1996,13,51.0,Ballad,19,Icelandic,0
Poland,1996,15,31.0,Pop,20,Polish,0
Bosnia & Herzegovina,1996,22,13.0,Pop,21,Bosnian,0
Slovakia,1996,18,19.0,Pop,22,Slovak,0
Sweden,1996,3,100.0,Pop,23,Swedish,0
Cyprus,1997,5,98.0,Pop,1,Greek,0
Turkey,1997,3,121.0,Pop,2,Turkish,0
Norway,1997,24,0.0,Dance-Pop,3,Norwegian,0
Austria,1997,21,12.0,Pop,4,German,0
Ireland,1997,2,157.0,Rock,5,English,1
Slovenia,1997,10,60.0,Pop,6,Slovene,0
Switzerland,1997,22,5.0,Pop,7,Mixed,0
Netherlands,1997,22,5.0,Pop,8,Dutch,0
Italy,1997,4,114.0,Pop,9,Italian,0
Spain,1997,6,96.0,Pop,10,Spanish,0
Germany,1997,18,22.0,Pop,11,German,0
Poland,1997,11,54.0,Pop,12,Polish,0
Estonia,1997,8,82.0,Pop,13,Estonian,0
Bosnia & Herzegovina,1997,18,22.0,Ballad,14,Bosnian,0
Portugal,1997,24,0.0,Rock,15,Portuguese,0
Sweden,1997,14,36.0,Pop,16,Swedish,0
Greece,1997,12,39.0,Pop,17,Greek,0
Malta,1997,9,66.0,Ballad,18,English,0
Hungary,1997,12,39.0,Dance-Pop,19,Hungarian,0
Russia,1997,15,33.0,Dance-Pop,20,Russian,0
Denmark,1997,16,25.0,Folk/Ethnic,21,Danish,0
France,1997,7,95.0,Pop,22,French,0
Croatia,1997,17,24.0,Pop,23,Croatian,0
United Kingdom,1997,1,227.0,Ballad,24,English,0
Iceland,1997,20,18.0,Pop,25,Icelandic,0
Croatia,1998,5,131.0,Pop,1,Croatian,0
Greece,1998,20,12.0,Pop,2,Greek,0
France,1998,24,3.0,Dance-Pop,3,French,0
Spain,1998,16,21.0,Pop,4,Spanish,0
Switzerland,1998,25,0.0,Pop,5,Mixed,0
Slovakia,1998,21,8.0,Pop,6,Slovak,0
Poland,1998,17,19.0,Pop,7,Polish,0
Israel,1998,1,172.0,Pop,8,Hebrew,0
Germany,1998,7,86.0,Pop,9,German,0
Malta,1998,3,165.0,Ballad,10,English,0
Hungary,1998,23,4.0,Pop,11,Hungarian,0
Slovenia,1998,18,17.0,Pop,12,Slovene,0
Ireland,1998,9,64.0,Ballad,13,English,0
Portugal,1998,12,36.0,Folk/Ethnic,14,Portuguese,0
Romania,1998,22,6.0,Pop,15,Romanian,0
United Kingdom,1998,2,166.0,Rock,16,English,1
Cyprus,1998,11,37.0,Pop,17,Greek,0
Netherlands,1998,4,150.0,Rock,18,Dutch,0
Sweden,1998,10,53.0,Rock,19,Swedish,0
Belgium,1998,6,122.0,Pop,20,Mixed,0
Finland,1998,15,22.0,Pop,21,Finnish,0
Norway,1998,8,79.0,Pop,22,Norwegian,0
Estonia,1998,12,36.0,Pop,23,Estonian,0
Turkey,1998,14,25.0,Pop,24,Turkish,0
North Macedonia,1998,19,16.0,Pop,25,Macedonian,0
Lithuania,1999,20,13.0,Pop,1,Lithuanian,0
Belgium,1999,12,38.0,Rock,2,Mixed,0
Spain,1999,23,1.0,Pop,3,Spanish,0
Croatia,1999,4,118.0,Pop,4,Croatian,0
United Kingdom,1999,12,38.0,Rock,5,English,0
Slovenia,1999,11,50.0,Dance-Pop,6,Slovene,0
Turkey,1999,16,21.0,Pop,7,Turkish,0
Norway,1999,14,35.0,Ballad,8,Norwegian,0
Denmark,1999,8,71.0,Rock,9,Danish,0
France,1999,19,14.0,Pop,10,French,0
Netherlands,1999,8,71.0,Ballad,11,Dutch,0
Poland,1999,18,17.0,Pop,12,Polish,0
Iceland,1999,2,146.0,Ballad,13,Icelandic,0
Cyprus,1999,22,2.0,Ballad,14,Greek,0
Sweden,1999,1,163.0,Dance-Pop,15,Swedish,0
Portugal,1999,21,12.0,Rock,16,Portuguese,0
Ireland,1999,17,18.0,Ballad,17,English,0
Austria,1999,10,65.0,Rap/Hip-Hop,18,German,0
Israel,1999,5,93.0,Rock,19,Hebrew,1
Malta,1999,15,32.0,Ballad,20,English,0
Germany,1999,3,140.0,Ballad,21,German,0
Bosnia & Herzegovina,1999,7,86.0,Dance-Pop,22,Bosnian,0
Estonia,1999,6,90.0,Rock,23,Estonian,0
Israel,2000,22,7.0,Pop,1,Hebrew,0
Netherlands,2000,13,40.0,Ballad,2,Dutch,0
United Kingdom,2000,16,28.0,Ballad,3,English,0
Estonia,2000,4,98.0,Ballad,4,Estonian,0
France,2000,23,5.0,Pop,5,French,0
Romania,2000,17,25.0,Ballad,6,Romanian,0
Malta,2000,8,73.0,Rock,7,English,0
Norway,2000,11,57.0,Dance-Pop,8,Norwegian,0
Russia,2000,2,155.0,Ballad,9,Russian,0
Belgium,2000,24,2.0,Pop,10,Mixed,0
Cyprus,2000,21,8.0,Pop,11,Greek,0
Iceland,2000,12,45.0,Ballad,12,Icelandic,0
Spain,2000,18,18.0,Pop,13,Spanish,0
Denmark,2000,1,195.0,Ballad,14,Danish,0
Germany,2000,5,96.0,Pop,15,German,0
Switzerland,2000,20,14.0,Pop,16,Mixed,0
Croatia,2000,9,70.0,Pop,17,Croatian,0
Sweden,2000,7,88.0,Rock,18,Swedish,1
North Macedonia,2000,15,29.0,Dance-Pop,19,Macedonian,0
Finland,2000,18,18.0,Ballad,20,Finnish,0
Latvia,2000,3,136.0,Rock,21,Latvian,0
Turkey,2000,10,59.0,Rock,22,Turkish,0
Ireland,2000,6,92.0,Ballad,23,English,0
Austria,2000,14,34.0,Rap/Hip-Hop,24,German,0
Netherlands,2001,18,16.0,Ballad,1,Dutch,0
Iceland,2001,22,3.0,Ballad,2,Icelandic,0
Bosnia & Herzegovina,2001,14,29.0,Ballad,3,Bosnian,0
Norway,2001,22,3.0,Ballad,4,Norwegian,0
Israel,2001,16,25.0,Dance-Pop,5,Hebrew,0
Russia,2001,12,37.0,Dance-Pop,6,Russian,0
Sweden,2001,5,100.0,Dance-Pop,7,Swedish,0
Lithuania,2001,13,35.0,Pop,8,Lithuanian,0
Latvia,2001,18,16.0,Ballad,9,Latvian,0
Croatia,2001,10,42.0,Ballad,10,Croatian,0
Portugal,2001,17,18.0,Pop,11,Portuguese,0
Ireland,2001,21,6.0,Ballad,12,English,0
Spain,2001,6,76.0,Pop,13,Spanish,0
France,2001,4,142.0,Ballad,14,French,0
Turkey,2001,11,41.0,Ballad,15,Turkish,0
United Kingdom,2001,15,28.0,Dance-Pop,16,English,0
Slovenia,2001,7,70.0,Rap/Hip-Hop,17,Slovene,0
Poland,2001,20,11.0,Ballad,18,Polish,0
Germany,2001,8,66.0,Ballad,19,German,0
Estonia,2001,1,198.0,Dance-Pop,20,Estonian,0
Malta,2001,9,48.0,Rock,21,English,0
Greece,2001,3,147.0,Ballad,22,Greek,0
Denmark,2001,2,177.0,Ballad,23,Danish,1
Cyprus,2002,6,85.0,Ballad,1,Greek,0
United Kingdom,2002,3,111.0,Ballad,2,English,0
Austria,2002,18,26.0,Ballad,3,German,0
Greece,2002,17,27.0,Ballad,4,Greek,0
Spain,2002,7,81.0,Pop,5,Spanish,0
Croatia,2002,11,44.0,Ballad,6,Croatian,0
Russia,2002,10,55.0,Ballad,7,Russian,0
Estonia,2002,3,111.0,Rock,8,Estonian,1
North Macedonia,2002,19,25.0,Pop,9,Macedonian,0
Israel,2002,12,37.0,Ballad,10,Hebrew,0
Switzerland,2002,22,15.0,Pop,11,Mixed,0
Sweden,2002,8,72.0,Dance-Pop,12,Swedish,0
Finland,2002,20,24.0,Rock,13,Finnish,0
Denmark,2002,24,7.0,Ballad,14,Danish,0
Bosnia & Herzegovina,2002,13,33.0,Rap/Hip-Hop,15,Bosnian,0
Belgium,2002,13,33.0,Rock,16,Mixed,0
France,2002,5,104.0,Pop,17,French,0
Germany,2002,21,17.0,Dance-Pop,18,German,0
Turkey,2002,16,29.0,Rock,19,Turkish,0
Malta,2002,2,164.0,Ballad,20,English,0
Romania,2002,9,71.0,Ballad,21,Romanian,0
Slovenia,2002,13,33.0,Pop,22,Slovene,0
Latvia,2002,1,176.0,Ballad,23,Latvian,0
Lithuania,2002,23,12.0,Ballad,24,Lithuanian,0
Iceland,2003,8,81.0,Dance-Pop,1,Icelandic,0
Austria,2003,6,101.0,Pop,2,German,0
Ireland,2003,11,53.0,Ballad,3,English,0
Turkey,2003,1,167.0,Ballad,4,Turkish,0
Malta,2003,25,4.0,Ballad,5,English,0
Bosnia & Herzegovina,2003,16,27.0,Ballad,6,Bosnian,0
Portugal,2003,22,13.0,Ballad,7,Portuguese,0
Croatia,2003,15,29.0,Ballad,8,Croatian,0
Cyprus,2003,20,15.0,Ballad,9,Greek,0
Germany,2003,11,53.0,Rock,10,German,0
Russia,2003,3,164.0,Dance-Pop,11,Russian,0
Spain,2003,8,81.0,Pop,12,Spanish,0
Israel,2003,19,17.0,Ballad,13,Hebrew,0
Netherlands,2003,13,45.0,Rock,14,Dutch,0
United Kingdom,2003,26,0.0,Ballad,15,English,0
Ukraine,2003,14,30.0,Ballad,16,Ukrainian,0
Greece,2003,17,25.0,Rock,17,Greek,0
Norway,2003,4,123.0,Dance-Pop,18,Norwegian,0
France,2003,18,19.0,Dance-Pop,19,French,0
Poland,2003,7,90.0,Pop,20,Polish,0
Latvia,2003,24,5.0,Ballad,21,Latvian,1
Belgium,2003,2,165.0,Pop,22,Mixed,0
Estonia,2003,21,14.0,Dance-Pop,23,Estonian,0
Romania,2003,10,73.0,Ballad,24,Romanian,0
Sweden,2003,5,107.0,Ballad,25,Swedish,0
Slovenia,2003,23,7.0,Rock,26,Slovene,0
Spain,2004,10,87.0,Rock,1,Spanish,0
Austria,2004,21,9.0,Pop,2,German,0
Norway,2004,24,3.0,Ballad,3,Norwegian,0
France,2004,15,40.0,Pop,4,French,0
Serbia & Montenegro,2004,2,263.0,Pop,5,Serbian,0
Malta,2004,12,50.0,Ballad,6,English,0
Netherlands,2004,20,11.0,Rock,7,Dutch,0
Germany,2004,8,93.0,Ballad,8,German,0
Albania,2004,7,106.0,Ballad,9,Albanian,0
Ukraine,2004,1,280.0,Dance-Pop,10,Ukrainian,0
Croatia,2004,12,50.0,Ballad,11,Croatian,0
Bosnia & Herzegovina,2004,9,91.0,Dance-Pop,12,Bosnian,0
Belgium,2004,22,7.0,Ballad,13,Mixed,0
Russia,2004,11,67.0,Ballad,14,Russian,0
North Macedonia,2004,14,47.0,Rock,15,Macedonian,0
Greece,2004,3,252.0,Rock,16,Greek,0
Iceland,2004,19,16.0,Ballad,17,Icelandic,0
Ireland,2004,22,7.0,Ballad,18,English,0
Poland,2004,17,27.0,Ballad,19,Polish,0
United Kingdom,2004,16,29.0,Ballad,20,English,0
Cyprus,2004,5,170.0,Rock,21,Greek,0
Turkey,2004,4,195.0,Ballad,22,Turkish,1
Romania,2004,18,18.0,Rock,23,Romanian,0
Sweden,2004,5,170.0,Rock,24,Swedish,0
Hungary,2005,12,97.0,Pop,1,Hungarian,0
United Kingdom,2005,22,18.0,Rock,2,English,0
Malta,2005,2,192.0,Rock,3,English,0
Romania,2005,3,158.0,Dance-Pop,4,Romanian,0
Norway,2005,9,125.0,Ballad,5,Norwegian,0
Turkey,2005,13,92.0,Pop,6,Turkish,0
Moldova,2005,6,148.0,Rock,7,Romanian,0
Albania,2005,16,53.0,Dance-Pop,8,Albanian,0
Cyprus,2005,18,46.0,Rock,9,Greek,0
Spain,2005,21,28.0,Pop,10,Spanish,0
Israel,2005,4,154.0,Ballad,11,Hebrew,0
Serbia & Montenegro,2005,7,137.0,Dance-Pop,12,Serbian,0
Denmark,2005,9,125.0,Ballad,13,Danish,0
Sweden,2005,19,30.0,Pop,14,Swedish,0
North Macedonia,2005,17,52.0,Dance-Pop,15,Macedonian,0
Ukraine,2005,19,30.0,Pop,16,Ukrainian,1
Germany,2005,24,4.0,Ballad,17,German,0
Croatia,2005,11,115.0,Ballad,18,Croatian,0
Greece,2005,1,230.0,Rock,19,Greek,0
Russia,2005,15,57.0,Ballad,20,Russian,0
Bosnia & Herzegovina,2005,14,79.0,Rock,21,Bosnian,0
Switzerland,2005,8,128.0,Ballad,22,Mixed,0
Latvia,2005,5,153.0,Ballad,23,Latvian,0
France,2005,23,11.0,Pop,24,French,0
Switzerland,2006,16,30.0,Rock,1,Mixed,0
Moldova,2006,20,22.0,Ballad,2,Romanian,0
Israel,2006,23,4.0,Ballad,3,Hebrew,0
Latvia,2006,16,30.0,Ballad,4,Latvian,0
Norway,2006,14,36.0,Pop,5,Norwegian,0
Spain,2006,21,18.0,Pop,6,Spanish,0
Malta,2006,24,1.0,Ballad,7,English,0
Germany,2006,14,36.0,Rock,8,German,0
Denmark,2006,18,26.0,Dance-Pop,9,Danish,0
Russia,2006,2,248.0,Ballad,10,Russian,0
North Macedonia,2006,12,56.0,Rock,11,Macedonian,0
Romania,2006,4,172.0,Dance-Pop,12,Romanian,0
Bosnia & Herzegovina,2006,3,229.0,Dance-Pop,13,Bosnian,0
Lithuania,2006,6,162.0,Pop,14,Lithuanian,0
United Kingdom,2006,19,25.0,Ballad,15,English,0
Greece,2006,9,128.0,Rock,16,Greek,1
Finland,2006,1,292.0,Rock/Metal,17,Finnish,0
Ukraine,2006,7,145.0,Rock,18,Ukrainian,0
France,2006,22,5.0,Rap/Hip-Hop,19,French,0
Croatia,2006,12,56.0,Rap/Hip-Hop,20,Croatian,0
Ireland,2006,10,93.0,Ballad,21,English,0
Sweden,2006,5,170.0,Rock,22,Swedish,0
Turkey,2006,11,91.0,Ballad,23,Turkish,0
Armenia,2006,8,129.0,Rock,24,Armenian,0
Bosnia & Herzegovina,2007,11,106.0,Dance-Pop,1,Bosnian,0
Spain,2007,20,43.0,Ballad,2,Spanish,0
Belarus,2007,6,145.0,Dance-Pop,3,Belarusian,0
Ireland,2007,24,5.0,Rock,4,English,0
Finland,2007,17,53.0,Ballad,5,Finnish,1
North Macedonia,2007,14,73.0,Folk/Ethnic,6,Macedonian,0
Slovenia,2007,15,66.0,Pop,7,Slovene,0
Hungary,2007,9,128.0,Ballad,8,Hungarian,0
Lithuania,2007,21,28.0,Ballad,9,Lithuanian,0
Greece,2007,7,139.0,Dance-Pop,10,Greek,0
Georgia,2007,12,97.0,Ballad,11,Georgian,0
Sweden,2007,18,51.0,Rock,12,Swedish,0
France,2007,22,19.0,Ballad,13,French,0
Latvia,2007,16,54.0,Pop,14,Latvian,0
Russia,2007,3,207.0,Pop,15,Russian,0
Germany,2007,19,49.0,Ballad,16,German,0
Serbia,2007,1,268.0,Pop,17,Serbian,0
Ukraine,2007,2,235.0,Dance-Pop,18,Ukrainian,0
United Kingdom,2007,22,19.0,Ballad,19,English,0
Romania,2007,13,84.0,Dance-Pop,20,Romanian,0
Bulgaria,2007,5,157.0,Pop,21,Unknown,0
Turkey,2007,4,163.0,Dance-Pop,22,Turkish,0
Armenia,2007,8,138.0,Dance-Pop,23,Armenian,0
Moldova,2007,10,109.0,Ballad,24,Romanian,0
Romania,2008,20,45.0,Pop,1,Romanian,0
United Kingdom,2008,25,14.0,Ballad,2,English,0
Albania,2008,17,55.0,Pop,3,Albanian,0
Germany,2008,23,14.0,Ballad,4,German,0
Armenia,2008,4,199.0,Ballad,5,Armenian,0
Bosnia & Herzegovina,2008,10,110.0,Pop,6,Bosnian,0
Israel,2008,9,124.0,Rock,7,Hebrew,0
Finland,2008,22,35.0,Pop,8,Finnish,0
Croatia,2008,21,44.0,Pop,9,Croatian,0
Poland,2008,24,14.0,Ballad,10,Polish,0
Iceland,2008,14,64.0,Rock,11,Icelandic,0
Turkey,2008,7,138.0,Pop,12,Turkish,0
Portugal,2008,13,69.0,Pop,13,Portuguese,0
Latvia,2008,12,83.0,Rock,14,Latvian,0
Sweden,2008,18,47.0,Ballad,15,Swedish,0
Denmark,2008,15,60.0,Dance-Pop,16,Danish,0
Georgia,2008,11,83.0,Dance-Pop,17,Georgian,0
Ukraine,2008,2,230.0,Rock,18,Ukrainian,0
France,2008,19,47.0,Rock,19,French,0
Azerbaijan,2008,8,132.0,Ballad,20,Azerbaijani,0
Greece,2008,3,218.0,Rock,21,Greek,0
Spain,2008,16,55.0,Rock,22,Spanish,0
Serbia,2008,6,160.0,Pop,23,Serbian,1
Russia,2008,1,272.0,Rock,24,Russian,0
Norway,2008,5,182.0,Rock,25,Norwegian,0
Lithuania,2009,23,23.0,Ballad,1,Lithuanian,0
Israel,2009,16,53.0,Ballad,2,Hebrew,0
France,2009,8,107.0,Pop,3,French,0
Sweden,2009,21,33.0,Ballad,4,Swedish,0
Croatia,2009,18,45.0,Pop,5,Croatian,0
Portugal,2009,15,57.0,Folk/Ethnic,6,Portuguese,0
Iceland,2009,2,218.0,Ballad,7,Icelandic,0
Greece,2009,7,120.0,Dance-Pop,8,Greek,0
Armenia,2009,10,92.0,Dance-Pop,9,Armenian,0
Russia,2009,11,91.0,Dance-Pop,10,Russian,1
Azerbaijan,2009,3,207.0,Ballad,11,Azerbaijani,0
Bosnia & Herzegovina,2009,9,106.0,Dance-Pop,12,Bosnian,0
Moldova,2009,14,69.0,Dance-Pop,13,Romanian,0
Malta,2009,22,31.0,Rock,14,English,0
Estonia,2009,6,129.0,Pop,15,Estonian,0
Denmark,2009,13,74.0,Ballad,16,Danish,0
Germany,2009,20,35.0,Rock,17,German,0
Turkey,2009,4,177.0,Dance-Pop,18,Turkish,0
Albania,2009,17,48.0,Ballad,19,Albanian,0
Norway,2009,1,387.0,Folk-Pop,20,Norwegian,0
Ukraine,2009,12,76.0,Ballad,21,Ukrainian,0
Romania,2009,19,40.0,Folk/Ethnic,22,Romanian,0
United Kingdom,2009,5,173.0,Ballad,23,English,0
Finland,2009,25,22.0,Ballad,24,Finnish,0
Spain,2009,24,23.0,Dance-Pop,25,Spanish,0
Azerbaijan,2010,5,145.0,Ballad,1,Azerbaijani,0
Spain,2010,15,68.0,Pop,2,Spanish,0
Norway,2010,20,35.0,Ballad,3,Norwegian,1
Moldova,2010,22,27.0,Ballad,4,Romanian,0
Cyprus,2010,21,27.0,Ballad,5,Greek,0
Bosnia & Herzegovina,2010,17,51.0,Ballad,6,Bosnian,0
Belgium,2010,6,143.0,Rock,7,Mixed,0
Serbia,2010,13,72.0,Folk/Ethnic,8,Serbian,0
Belarus,2010,24,18.0,Ballad,9,Belarusian,0
Ireland,2010,23,25.0,Dance-Pop,10,English,0
Greece,2010,8,140.0,Pop,11,Greek,0
United Kingdom,2010,25,10.0,Ballad,12,English,0
Georgia,2010,9,136.0,Ballad,13,Georgian,0
Turkey,2010,2,170.0,Dance-Pop,14,Turkish,0
Albania,2010,16,62.0,Ballad,15,Albanian,0
Iceland,2010,19,41.0,Ballad,16,Icelandic,0
Ukraine,2010,10,108.0,Ballad,17,Ukrainian,0
France,2010,12,82.0,Dance-Pop,18,French,0
Romania,2010,3,162.0,Rock,19,Romanian,0
Russia,2010,11,90.0,Rock,20,Russian,0
Armenia,2010,7,141.0,Rock,21,Armenian,0
Germany,2010,1,246.0,Pop,22,German,0
Portugal,2010,18,43.0,Pop,23,Portuguese,0
Israel,2010,14,71.0,Pop,24,Hebrew,0
Denmark,2010,4,149.0,Ballad,25,Danish,0
Finland,2011,21,57.0,Ballad,1,Finnish,0
Bosnia & Herzegovina,2011,6,125.0,Ballad,2,Bosnian,0
Denmark,2011,5,134.0,Ballad,3,Danish,0
Lithuania,2011,19,63.0,Ballad,4,Lithuanian,0
Hungary,2011,22,53.0,Ballad,5,Hungarian,0
Ireland,2011,8,119.0,Pop,6,English,0
Sweden,2011,3,185.0,Ballad,7,Swedish,0
Estonia,2011,24,44.0,Rock,8,Estonian,0
Greece,2011,7,120.0,Dance-Pop,9,Greek,0
Russia,2011,16,77.0,Ballad,10,Russian,0
France,2011,15,82.0,Pop,11,French,0
Italy,2011,2,189.0,Rap/Hip-Hop,12,Italian,0
Switzerland,2011,25,19.0,Rock,13,Mixed,0
United Kingdom,2011,11,100.0,Pop,14,English,0
Moldova,2011,12,97.0,Rock,15,Romanian,0
Germany,2011,10,107.0,Dance-Pop,16,German,1
Romania,2011,17,77.0,Rock,17,Romanian,0
Austria,2011,18,64.0,Ballad,18,German,0
Azerbaijan,2011,1,221.0,Ballad,19,Azerbaijani,0
Slovenia,2011,13,96.0,Ballad,20,Slovene,0
Iceland,2011,20,61.0,Ballad,21,Icelandic,0
Spain,2011,23,50.0,Pop,22,Spanish,0
Ukraine,2011,4,159.0,Ballad,23,Ukrainian,0
Serbia,2011,14,85.0,Pop,24,Serbian,0
Georgia,2011,9,110.0,Rock,25,Georgian,0
United Kingdom,2012,25,12.0,Ballad,1,English,0
Hungary,2012,24,19.0,Dance-Pop,2,Hungarian,0
Albania,2012,5,146.0,Dance-Pop,3,Albanian,0
Lithuania,2012,14,70.0,Ballad,4,Lithuanian,0
Bosnia & Herzegovina,2012,18,55.0,Pop,5,Bosnian,0
Russia,2012,2,259.0,Dance-Pop,6,Russian,0
Iceland,2012,20,46.0,Ballad,7,Icelandic,0
Cyprus,2012,16,65.0,Dance-Pop,8,Greek,0
France,2012,22,21.0,Dance-Pop,9,French,0
Italy,2012,9,101.0,Dance-Pop,10,Italian,0
Estonia,2012,6,120.0,Pop,11,Estonian,0
Norway,2012,26,7.0,Rock,12,Norwegian,0
Azerbaijan,2012,4,150.0,Dance-Pop,13,Azerbaijani,1
Romania,2012,12,71.0,Ballad,14,Romanian,0
Denmark,2012,23,21.0,Pop,15,Danish,0
Greece,2012,17,64.0,Rock,16,Greek,0
Sweden,2012,1,372.0,Dance-Pop,17,Swedish,0
Turkey,2012,7,112.0,Rock,18,Turkish,0
Spain,2012,10,97.0,Pop,19,Spanish,0
Germany,2012,8,110.0,Ballad,20,German,0
Malta,2012,21,41.0,Ballad,21,English,0
North Macedonia,2012,13,71.0,Pop,22,Macedonian,0
Ireland,2012,19,46.0,Ballad,23,English,0
Serbia,2012,3,214.0,Pop,24,Serbian,0
Ukraine,2012,15,65.0,Dance-Pop,25,Ukrainian,0
Moldova,2012,11,81.0,Rock,26,Romanian,0
France,2013,23,14.0,Pop,1,French,0
Lithuania,2013,22,17.0,Ballad,2,Lithuanian,0
Moldova,2013,11,71.0,Pop,3,Romanian,0
Finland,2013,24,13.0,Ballad,4,Finnish,0
Spain,2013,25,8.0,Pop,5,Spanish,0
Belgium,2013,12,71.0,Rock,6,Mixed,0
Estonia,2013,20,19.0,Pop,7,Estonian,0
Belarus,2013,16,48.0,Rock,8,Belarusian,0
Malta,2013,8,120.0,Ballad,9,English,0
Russia,2013,5,174.0,Ballad,10,Russian,0
Germany,2013,21,18.0,Rock,11,German,0
Armenia,2013,18,41.0,Ballad,12,Armenian,0
Netherlands,2013,9,114.0,Ballad,13,Dutch,0
Romania,2013,13,65.0,Rock,14,Romanian,0
United Kingdom,2013,19,23.0,Ballad,15,English,0
Sweden,2013,14,62.0,Rock,16,Swedish,1
Hungary,2013,10,84.0,Pop,17,Hungarian,0
Denmark,2013,1,281.0,Rock,18,Danish,0
Iceland,2013,17,47.0,Pop,19,Icelandic,0
Azerbaijan,2013,2,234.0,Ballad,20,Azerbaijani,0
Greece,2013,6,152.0,Pop,21,Greek,0
Ukraine,2013,3,214.0,Ballad,22,Ukrainian,0
Italy,2013,7,126.0,Dance-Pop,23,Italian,0
Norway,2013,4,191.0,Rock,24,Norwegian,0
Georgia,2013,15,50.0,Dance-Pop,25,Georgian,0
Ireland,2013,26,5.0,Ballad,26,English,0
Ukraine,2014,6,113.0,Rock,1,Ukrainian,0
Belarus,2014,16,43.0,Dance-Pop,2,Belarusian,0
Azerbaijan,2014,22,33.0,Rock,3,Azerbaijani,0
Iceland,2014,15,58.0,Dance-Pop,4,Icelandic,0
Norway,2014,8,88.0,Rock,5,Norwegian,0
Romania,2014,12,72.0,Ballad,6,Romanian,0
Armenia,2014,4,174.0,Ballad,7,Armenian,0
Montenegro,2014,19,37.0,Pop,8,Montenegrin,0
Poland,2014,14,62.0,Dance-Pop,9,Polish,0
Greece,2014,20,35.0,Dance-Pop,10,Greek,0
Austria,2014,1,290.0,Pop-Ballade,11,German,0
Germany,2014,18,39.0,Rock,12,German,0
Sweden,2014,3,218.0,Rock,13,Swedish,0
France,2014,26,2.0,Pop,14,French,0
Russia,2014,7,89.0,Ballad,15,Russian,0
Italy,2014,21,33.0,Pop,16,Italian,0
Slovenia,2014,25,9.0,Ballad,17,Slovene,0
Finland,2014,11,72.0,Ballad,18,Finnish,0
Spain,2014,10,74.0,Ballad,19,Spanish,0
Switzerland,2014,13,64.0,Rock,20,Mixed,0
Hungary,2014,5,143.0,Ballad,21,Hungarian,0
Malta,2014,23,32.0,Rock,22,English,0
Denmark,2014,9,74.0,Rock,23,Danish,1
Netherlands,2014,2,238.0,Rock,24,Dutch,0
San Marino,2014,24,14.0,Ballad,25,Italian,0
United Kingdom,2014,17,40.0,Rock,26,English,0
Slovenia,2015,14,39.0,Ballad,1,Slovene,0
France,2015,25,4.0,Ballad,2,French,0
Israel,2015,9,97.0,Rock,3,Hebrew,0
Estonia,2015,7,106.0,Ballad,4,Estonian,0
United Kingdom,2015,24,5.0,Rock,5,English,0
Armenia,2015,16,34.0,Ballad,6,Armenian,0
Lithuania,2015,18,30.0,Ballad,7,Lithuanian,0
Serbia,2015,10,53.0,Ballad,8,Serbian,0
Norway,2015,8,102.0,Ballad,9,Norwegian,0
Sweden,2015,1,365.0,Rock,10,Swedish,0
Cyprus,2015,22,11.0,Rock,11,Greek,0
Australia,2015,5,196.0,Pop,12,English,0
Belgium,2015,4,217.0,Dance-Pop,13,Mixed,0
Austria,2015,26,0.0,Ballad,14,German,1
Greece,2015,19,23.0,Ballad,15,Greek,0
Montenegro,2015,13,44.0,Pop,16,Montenegrin,0
Germany,2015,27,0.0,Rock,17,German,0
Poland,2015,23,10.0,Dance-Pop,18,Polish,0
Latvia,2015,6,186.0,Ballad,19,Latvian,0
Romania,2015,15,35.0,Pop,20,Romanian,0
Spain,2015,21,15.0,Pop,21,Spanish,0
Hungary,2015,20,19.0,Ballad,22,Hungarian,0
Georgia,2015,11,51.0,Ballad,23,Georgian,0
Azerbaijan,2015,12,49.0,Rock,24,Azerbaijani,0
Russia,2015,2,303.0,Dance-Pop,25,Russian,0
Albania,2015,17,34.0,Ballad,26,Albanian,0
Italy,2015,3,292.0,Pop,27,Italian,0
Belgium,2016,10,181.0,Ballad,1,Mixed,0
Czech Republic,2016,25,41.0,Ballad,2,Czech,0
Netherlands,2016,11,153.0,Rock,3,Dutch,0
Azerbaijan,2016,17,117.0,Rock,4,Azerbaijani,0
Hungary,2016,19,108.0,Ballad,5,Hungarian,0
Italy,2016,16,124.0,Ballad,6,Italian,0
Israel,2016,14,135.0,Dance-Pop,7,Hebrew,0
Bulgaria,2016,4,307.0,Ballad,8,Unknown,0
Sweden,2016,5,261.0,Rock,9,Swedish,1
Germany,2016,26,11.0,Ballad,10,German,0
France,2016,6,257.0,Ballad,11,French,0
Poland,2016,8,229.0,Rock,12,Polish,0
Australia,2016,2,511.0,Rock,13,English,0
Cyprus,2016,21,96.0,Rap/Hip-Hop,14,Greek,0
Serbia,2016,18,115.0,Ballad,15,Serbian,0
Lithuania,2016,9,200.0,Ballad,16,Lithuanian,0
Croatia,2016,23,73.0,Rock,17,Croatian,0
Russia,2016,3,491.0,Rap/Hip-Hop,18,Russian,0
Spain,2016,22,77.0,Ballad,19,Spanish,0
Latvia,2016,15,132.0,Rock,20,Latvian,0
Ukraine,2016,1,534.0,Ballad,21,Ukrainian,0
Malta,2016,12,153.0,Rock,22,English,0
Georgia,2016,20,104.0,Ballad,23,Georgian,0
Austria,2016,13,151.0,Pop,24,German,0
United Kingdom,2016,24,62.0,Dance-Pop,25,English,0
Armenia,2016,7,249.0,Rock,26,Armenian,0
Israel,2017,23,39.0,Ballad,1,Hebrew,0
Poland,2017,22,64.0,Rock,2,Polish,0
Belarus,2017,17,83.0,Rock,3,Belarusian,0
Austria,2017,16,93.0,Pop,4,German,0
Armenia,2017,18,79.0,Dance-Pop,5,Armenian,0
Netherlands,2017,11,150.0,Ballad,6,Dutch,0
Moldova,2017,3,374.0,Ballad,7,Romanian,0
Hungary,2017,8,200.0,Dance-Pop,8,Hungarian,0
Italy,2017,6,334.0,Pop,9,Italian,0
Denmark,2017,20,77.0,Rock,10,Danish,0
Portugal,2017,1,758.0,Ballad,11,Portuguese,0
Azerbaijan,2017,14,120.0,Rock,12,Azerbaijani,0
Croatia,2017,13,128.0,Ballad,13,Croatian,0
Australia,2017,9,173.0,Rock,14,English,0
Greece,2017,19,77.0,Ballad,15,Greek,0
Spain,2017,26,5.0,Ballad,16,Spanish,0
Norway,2017,10,158.0,Rock,17,Norwegian,0
United Kingdom,2017,15,111.0,Rock,18,English,0
Cyprus,2017,21,68.0,Ballad,19,Greek,0
Romania,2017,7,282.0,Ballad,20,Romanian,0
Germany,2017,25,6.0,Rock,21,German,0
Ukraine,2017,24,36.0,Ballad,22,Ukrainian,1
Belgium,2017,4,363.0,Rock,23,Mixed,0
Sweden,2017,5,344.0,Ballad,24,Swedish,0
Bulgaria,2017,2,615.0,Rock,25,Unknown,0
France,2017,12,135.0,Pop,26,French,0
Ukraine,2018,17,130.0,Rock,1,Ukrainian,0
Spain,2018,23,61.0,Pop,2,Spanish,0
Slovenia,2018,22,64.0,Pop,3,Slovene,0
Lithuania,2018,12,181.0,Ballad,4,Lithuanian,0
Austria,2018,3,342.0,Ballad,5,German,0
Estonia,2018,8,245.0,Pop,6,Estonian,0
Norway,2018,15,144.0,Pop,7,Norwegian,0
Portugal,2018,26,39.0,Pop,8,Portuguese,1
United Kingdom,2018,24,48.0,Rock,9,English,0
Serbia,2018,19,113.0,Folk/Ethnic,10,Serbian,0
Germany,2018,4,340.0,Rock,11,German,0
Albania,2018,11,184.0,Rap/Hip-Hop,12,Albanian,0
France,2018,13,173.0,Pop,13,French,0
Czech Republic,2018,6,281.0,Rock,14,Czech,0
Denmark,2018,9,226.0,Ballad,15,Danish,0
Australia,2018,20,99.0,Rock,16,English,0
Finland,2018,25,46.0,Ballad,17,Finnish,0
Bulgaria,2018,14,166.0,Rock,18,Unknown,0
Moldova,2018,10,209.0,Rock,19,Romanian,0
Sweden,2018,7,274.0,Dance-Pop,20,Swedish,0
Hungary,2018,21,93.0,Rock,21,Hungarian,0
Israel,2018,1,529.0,Pop,22,Hebrew,0
Netherlands,2018,18,121.0,Rock,23,Dutch,0
Ireland,2018,16,136.0,Ballad,24,English,0
Cyprus,2018,2,436.0,Rock,25,Greek,0
Italy,2018,5,308.0,Pop,26,Italian,0
Malta,2019,14,107.0,Rock,1,English,0
Albania,2019,17,90.0,Pop,2,Albanian,0
Czech Republic,2019,11,157.0,Rock,3,Czech,0
Germany,2019,25,24.0,Rock,4,German,0
Russia,2019,3,370.0,Rock,5,Russian,0
Denmark,2019,12,120.0,Ballad,6,Danish,0
San Marino,2019,19,77.0,Ballad,7,Italian,0
North Macedonia,2019,7,305.0,Ballad,8,Macedonian,0
Sweden,2019,5,334.0,Rock,9,Swedish,0
Slovenia,2019,15,105.0,Pop,10,Slovene,0
Cyprus,2019,13,109.0,Dance-Pop,11,Greek,0
Netherlands,2019,1,498.0,Ballad,12,Dutch,0
Greece,2019,21,74.0,Ballad,13,Greek,0
Israel,2019,23,35.0,Dance-Pop,14,Hebrew,1
Norway,2019,6,331.0,Pop,15,Norwegian,0
United Kingdom,2019,26,11.0,Ballad,16,English,0
Iceland,2019,10,232.0,Pop,17,Icelandic,0
Estonia,2019,20,76.0,Rock,18,Estonian,0
Belarus,2019,24,31.0,Rock,19,Belarusian,0
Azerbaijan,2019,8,302.0,Rock,20,Azerbaijani,0
France,2019,16,105.0,Pop,21,French,0
Italy,2019,2,472.0,Pop,22,Italian,0
Serbia,2019,18,89.0,Pop,23,Serbian,0
Switzerland,2019,4,364.0,Rock,24,Mixed,0
Australia,2019,9,284.0,Pop,25,English,0
Spain,2019,22,54.0,Pop,26,Spanish,0
Cyprus,2021,16,94.0,Rock,1,Greek,0
Albania,2021,21,57.0,Pop,2,Albanian,0
Israel,2021,17,93.0,Rock,3,Hebrew,0
Belgium,2021,19,74.0,Pop,4,Mixed,0
Russia,2021,9,204.0,Pop,5,Russian,0
Malta,2021,7,255.0,Pop,6,English,0
Portugal,2021,12,153.0,Ballad,7,Portuguese,0
Serbia,2021,15,102.0,Pop,8,Serbian,0
United Kingdom,2021,26,0.0,Rock,9,English,0
Greece,2021,10,170.0,Rock,10,Greek,0
Switzerland,2021,3,432.0,Ballad,11,Mixed,0
Iceland,2021,4,378.0,Ballad,12,Icelandic,0
Spain,2021,24,6.0,Pop,13,Spanish,0
Moldova,2021,13,115.0,Rock,14,Romanian,0
Germany,2021,25,3.0,Pop,15,German,0
Finland,2021,6,301.0,Rock,16,Finnish,0
Bulgaria,2021,11,170.0,Ballad,17,Unknown,0
Lithuania,2021,8,220.0,Dance-Pop,18,Lithuanian,0
Ukraine,2021,5,364.0,Electro-Folk,19,Ukrainian,0
France,2021,2,499.0,Pop,20,French,0
Azerbaijan,2021,20,65.0,Pop,21,Azerbaijani,0
Norway,2021,18,75.0,Ballad,22,Norwegian,0
Netherlands,2021,23,11.0,Rock,23,Dutch,1
Italy,2021,1,524.0,Rock,24,Italian,0
Sweden,2021,14,109.0,Rock,25,Swedish,0
San Marino,2021,22,50.0,Rock,26,Italian,0
Czechia,2022,22,38.0,Ballad,1,Czech,0
Romania,2022,18,65.0,Rock,2,Romanian,0
Portugal,2022,9,207.0,Folk/Ethnic,3,Portuguese,0
Finland,2022,21,38.0,Ballad,4,Finnish,0
Switzerland,2022,17,78.0,Ballad,5,Mixed,0
France,2022,24,17.0,Pop,6,French,0
Norway,2022,10,182.0,Pop,7,Norwegian,0
Armenia,2022,20,61.0,Rock,8,Armenian,0
Italy,2022,6,268.0,Ballad,9,Italian,1
Spain,2022,3,459.0,Dance-Pop,10,Spanish,0
Netherlands,2022,11,171.0,Pop,11,Dutch,0
Ukraine,2022,1,631.0,Folk/Rap,12,Ukrainian,0
Germany,2022,25,6.0,Rock,13,German,0
Lithuania,2022,14,128.0,Pop,14,Lithuanian,0
Azerbaijan,2022,16,106.0,Pop,15,Azerbaijani,0
Belgium,2022,19,64.0,Ballad,16,Mixed,0
Greece,2022,8,215.0,Ballad,17,Greek,0
Iceland,2022,23,20.0,Pop,18,Icelandic,0
Moldova,2022,7,253.0,Rock,19,Romanian,0
Sweden,2022,4,438.0,Pop,20,Swedish,0
Australia,2022,15,125.0,Pop,21,English,0
United Kingdom,2022,2,466.0,Ballad,22,English,0
Poland,2022,12,151.0,Ballad,23,Polish,0
Serbia,2022,5,312.0,Art-Pop,24,Serbian,0
Estonia,2022,13,141.0,Ballad,25,Estonian,0
Austria,2023,15,120.0,Dance-Pop,1,German,0
Portugal,2023,23,59.0,Pop,2,Portuguese,0
Switzerland,2023,20,92.0,Ballad,3,Mixed,0
Poland,2023,19,93.0,Pop,4,Polish,0
Serbia,2023,24,30.0,Rock,5,Serbian,0
France,2023,16,104.0,Pop,6,French,0
Cyprus,2023,12,126.0,Ballad,7,Greek,0
Spain,2023,17,100.0,Pop,8,Spanish,0
Sweden,2023,1,583.0,Pop,9,Swedish,0
Albania,2023,22,76.0,Pop,10,Albanian,0
Italy,2023,4,350.0,Rock,11,Italian,0
Estonia,2023,8,168.0,Ballad,12,Estonian,0
Finland,2023,2,526.0,Dance/Rap,13,Finnish,0
Czechia,2023,10,129.0,Ballad,14,Czech,0
Australia,2023,9,151.0,Ballad,15,English,0
Belgium,2023,7,182.0,Rock,16,Mixed,0
Armenia,2023,14,122.0,Rock,17,Armenian,0
Moldova,2023,18,96.0,Pop,18,Romanian,0
Ukraine,2023,6,243.0,Ballad,19,Ukrainian,0
Norway,2023,5,268.0,Dance-Pop,20,Norwegian,0
Germany,2023,26,18.0,Ballad,21,German,0
Lithuania,2023,11,127.0,Rock,22,Lithuanian,0
Israel,2023,3,362.0,Dance-Pop,23,Hebrew,0
Slovenia,2023,21,78.0,Rock,24,Slovene,0
Croatia,2023,13,123.0,Rock/Performance,25,Croatian,0
United Kingdom,2023,25,24.0,Dance-Pop,26,English,1
Sweden,2024,9,174.0,Pop,1,English,1
Ukraine,2024,3,453.0,Rap/Hip-Hop,2,Mixed,0
Germany,2024,12,117.0,Pop,3,English,0
Luxembourg,2024,13,103.0,Dance-Pop,4,Mixed,0
Israel,2024,5,375.0,Ballad,6,English,0
Lithuania,2024,14,90.0,Pop,7,Lithuanian,0
Spain,2024,22,30.0,Dance-Pop,8,Spanish,0
Estonia,2024,20,37.0,Folk/Ethnic,9,Estonian,0
Ireland,2024,6,278.0,Rock,10,English,0
Latvia,2024,16,64.0,Ballad,11,English,0
Greece,2024,11,126.0,Folk/Ethnic,12,Greek,0
United Kingdom,2024,18,46.0,Dance-Pop,13,English,0
Norway,2024,25,16.0,Folk/Ethnic,14,Norwegian,0
Italy,2024,7,268.0,Pop,15,Italian,0
Serbia,2024,17,54.0,Ballad,16,Serbian,0
Finland,2024,19,38.0,Dance-Pop,17,English,0
Portugal,2024,10,152.0,Ballad,18,Portuguese,0
Armenia,2024,8,183.0,Folk/Ethnic,19,Armenian,0
Cyprus,2024,15,78.0,Dance-Pop,20,English,0
Switzerland,2024,1,591.0,Pop,21,English,0
Slovenia,2024,23,27.0,Pop,22,Slovene,0
Croatia,2024,2,547.0,Rock,23,Mixed,0
Georgia,2024,21,34.0,Dance-Pop,24,English,0
France,2024,4,445.0,Ballad,25,French,0
Austria,2024,24,24.0,Dance-Pop,26,English,0
Norway,2025,18,89.0,Pop,1,English,0
Luxembourg,2025,22,47.0,Pop,2,French,0
Estonia,2025,3,356.0,Dance-Pop,3,Mixed,0
Israel,2025,2,357.0,Ballad,4,English,0
Lithuania,2025,16,96.0,Rock,5,Lithuanian,0
Spain,2025,24,37.0,Dance-Pop,6,Spanish,0
Ukraine,2025,9,218.0,Rock,7,Mixed,0
United Kingdom,2025,19,88.0,Pop,8,English,0
Austria,2025,1,436.0,Ballad,9,English,0
Iceland,2025,25,33.0,Dance-Pop,10,Icelandic,0
Latvia,2025,13,158.0,Folk/Ethnic,11,Latvian,0
Netherlands,2025,12,175.0,Pop,12,Mixed,0
Finland,2025,11,196.0,Dance-Pop,13,Mixed,0
Italy,2025,5,256.0,Pop,14,Italian,0
Poland,2025,14,156.0,Pop,15,Polish,0
Germany,2025,15,151.0,Dance-Pop,16,German,0
Greece,2025,6,231.0,Ballad,17,Greek,0
Armenia,2025,20,72.0,Pop,18,English,0
Switzerland,2025,10,214.0,Ballad,19,French,1
Malta,2025,17,91.0,Dance-Pop,20,English,0
Portugal,2025,21,50.0,Pop,21,Portuguese,0
Denmark,2025,23,47.0,Dance-Pop,22,English,0
Sweden,2025,4,321.0,Pop,23,Swedish,0
France,2025,7,230.0,Ballad,24,French,0
San Marino,2025,26,27.0,Dance-Pop,25,Italian,0
Albania,2025,8,218.0,Folk/Ethnic,26,Albanian,0
Denmark,2026,7,243.0,Pop,1,Danish,0
Germany,2026,23,12.0,Pop,2,English,0
Israel,2026,2,343.0,Pop,3,English,0
Belgium,2026,21,36.0,Dance-Pop,4,English,0
Albania,2026,13,145.0,Folk/Ethnic,5,Albanian,0
Greece,2026,10,220.0,Pop,6,Greek,0
Ukraine,2026,9,221.0,Folk/Ethnic,7,Ukrainian,0
Australia,2026,4,287.0,Pop,8,English,0
Serbia,2026,17,90.0,Pop,9,Serbian,0
Malta,2026,18,89.0,Pop,10,English,0
Czechia,2026,16,113.0,Pop,11,English,0
Bulgaria,2026,1,516.0,Dance-Pop,12,Mixed,0
Croatia,2026,15,124.0,Rock,13,English,0
United Kingdom,2026,25,1.0,Dance-Pop,14,Mixed,0
France,2026,11,158.0,Pop,15,French,0
Moldova,2026,8,226.0,Folk/Ethnic,16,Romanian,0
Finland,2026,6,279.0,Dance-Pop,17,Finnish,0
Poland,2026,12,150.0,Ballad,18,English,0
Lithuania,2026,22,22.0,Dance-Pop,19,Spanish,0
Sweden,2026,20,51.0,Pop,20,English,0
Cyprus,2026,19,75.0,Dance-Pop,21,Mixed,0
Italy,2026,5,281.0,Pop,22,Italian,0
Norway,2026,14,134.0,Dance-Pop,23,English,0
Romania,2026,3,296.0,Pop,24,English,0
Austria,2026,24,6.0,Dance-Pop,25,German,1
